question,contexts,ground_truth,evolution_type,metadata,episode_done
What is the focus of AIMLA 2024 and when will it take place?,"['Ⅱ\n. 주요 행사 일정\n행사명 행사 주요 개요\n- 미국 소비자기술 협회(CTA)가 주관하는 세계 최대 가전·IT·소\n비재 전시회로 5G, AR&VR, 디지털헬스, 교통·모빌리티 등\n주요 카테고리 중심으로 기업들이 최신의 기술 제품군을 전시\n- CTA 사피로 회장은 가장 주목받는 섹터로 AI를 조명하였으며,\n모든 산업을 포괄한다는 의미에서 ‘올 온(All on)’을 주제로 한\nCES 2024\n이번 전시에는 500곳 이상의 한국기업 참가 예정\n기간 장소 홈페이지\n2024.1.9~12 미국, 라스베가스 https://www.ces.tech/\n- 머신러닝 및 응용에 관한 국제 컨퍼런스(AIMLA 2024)는\n인공지능 및 머신러닝의 이론, 방법론 및 실용적 접근에 관한\n지식과 최신 연구 결과 공유\n- 이론 및 실무 측면에서 인공지능, 기계학습의 주요 분야를\n논의하고, 학계, 산업계의 연구자와 실무자들에게 해당 분\nAIMLA 2024\n야의 최첨단 개발 소식 공유\n기간 장소 홈페이지\nhttps://ccnet2024.org/aimla\n2024.1.27~28 덴마크, 코펜하겐\n/index\n- AI 발전 협회 컨퍼런스(AAAI)는 AI 연구를 촉진하고, AI 분야\n연구원, 실무자, 과학자, 학생 및 공학자 간 교류의 기회 제공\n- 컨퍼런스에서 AI 관련 기술 발표, 특별 트랙, 초청 연사,\nAAAI Conference\n워크숍, 튜토리얼, 포스터 세션, 주제 발표, 대회, 전시 프\non Artificial\n로그램 등 진행\nIntelligence\n기간 장소 홈페이지\nhttps://aaai.org/aaai-confere\n2024.2.20~27 캐나다, 밴쿠버\nnce/']","AIMLA 2024 focuses on artificial intelligence and its applications, including discussions on the latest trends and developments in the field. It will take place from January 27 to 28, 2024.",simple,"[{'source': 'data/SPRI_AI_Brief_2023년12월호_F.pdf', 'file_path': 'data/SPRI_AI_Brief_2023년12월호_F.pdf', 'page': 21, 'total_pages': 23, 'Author': 'dj', 'Creator': 'Hwp 2018 10.0.0.13462', 'Producer': 'Hancom PDF 1.3.0.542', 'CreationDate': ""D:20231208132838+09'00'"", 'ModDate': ""D:20231208132838+09'00'"", 'PDFVersion': '1.4', 'filename': 'data/SPRI_AI_Brief_2023년12월호_F.pdf'}]",True
What architectural factors influence the accuracy of AI models?,"['∙ 또한 크라우드소싱 플랫폼이 할당한 라이선스는 데이터셋 원저작자의 의도보다 더 광범위한 사용을\n허용한 경우가 상당수\n∙ 데이터 생태계 분석 결과, 부정확하거나 모호한 라이선스 문서화 등 데이터 출처 입증과 관련된 관행\n전반에서 구조적 문제가 드러남\nn 연구진은 데이터 출처 탐색기만으로는 해결이 어려운 법적 이슈도 존재한다며 일관된 법적 프레임\n워크의 필요성을 제기\n∙ 일례로 데이터를 수집한 지역, 모델 훈련 지역, 모델 배포 지역마다 규제가 다르면 어떤 법률을\n적용해야 하는지 실무자의 판단이 어려울 수 있으며, 서로 다른 라이선스를 적용받는 개별 데이터셋을\n하나로 통합해 사용하는 경우에도 각각의 라이선스 조건 준수에 어려움이 발생\n☞ 출처 : Cohere, Data Provenance Explorer Launches to Tackle Data Transparency Crisis, 2023.10.25.\n8', '1. 정책/법제 2. 기업/산업 3. 기술/연구 4. 인력/교육\n알리바바 클라우드, 최신 LLM ‘통이치엔원 2.0’ 공개\nKEY Contents\nn 알리바바 클라우드가 복잡한 지침 이해, 광고문구 작성, 추론, 암기 등에서 성능이 향상된 최신\nLLM ‘통이치엔원 2.0’을 공개\nn 알리바바 클라우드는 산업별로 특화된 생성 AI 모델을 공개하는 한편, 모델 개발과 애플리케이션\n구축 절차를 간소화하는 올인원 AI 모델 구축 플랫폼도 출시\n£알리바바의 통이치엔원 2.0, 주요 벤치마크 테스트에서 여타 LLM 능가\nn 중국의 알리바바 클라우드가 2023년 10월 31일 열린 연례 기술 컨퍼런스에서 최신 LLM ‘통이\n치엔원(Tongyi Qianwen) 2.0’을 공개\n∙ 알리바바 클라우드는 통이치엔원 2.0이 2023년 4월 출시된 1.0 버전보다 복잡한 지침 이해,\n광고문구 작성, 추론, 암기 등에서 성능이 향상되었다고 설명\n∙ 통이치엔원 2.0은 언어 이해 테스트(MMLU), 수학(GSM8k), 질문 답변(ARC-C)과 같은 벤치마크\n테스트에서 라마(Llama-2-70B)와 GPT-3.5를 비롯한 주요 AI 모델을 능가\n∙ 통이치엔원 2.0은 알리바바 클라우드의 웹사이트와 모바일 앱을 통해 대중에 제공되며 개발자는\nAPI를 통해 사용 가능\nn 알리바바 클라우드는 여러 산업 영역에서 생성 AI를 활용해 사업 성과를 개선할 수 있도록 지원\n하는 산업별 모델도 출시\n∙ 산업 영역은 고객지원, 법률 상담, 의료, 금융, 문서관리, 오디오와 동영상 관리, 코드 개발, 캐릭터\n제작을 포함\nn 알리바바 클라우드는 급증하는 생성 AI 수요에 대응해 모델 개발과 애플리케이션 구축 절차를\n간소화하는 올인원 AI 모델 구축 플랫폼 ‘젠AI(GenAI)’도 공개\n∙ 이 플랫폼은 데이터 관리, 모델 배포와 평가, 신속한 엔지니어링을 위한 종합 도구 모음을 제공하여\n다양한 기업들이 맞춤형 AI 모델을 한층 쉽게 개발할 수 있도록 지원']",The answer to given question is not present in context,simple,"[{'source': 'data/SPRI_AI_Brief_2023년12월호_F.pdf', 'file_path': 'data/SPRI_AI_Brief_2023년12월호_F.pdf', 'page': 10, 'total_pages': 23, 'Author': 'dj', 'Creator': 'Hwp 2018 10.0.0.13462', 'Producer': 'Hancom PDF 1.3.0.542', 'CreationDate': ""D:20231208132838+09'00'"", 'ModDate': ""D:20231208132838+09'00'"", 'PDFVersion': '1.4', 'filename': 'data/SPRI_AI_Brief_2023년12월호_F.pdf'}, {'source': 'data/SPRI_AI_Brief_2023년12월호_F.pdf', 'file_path': 'data/SPRI_AI_Brief_2023년12월호_F.pdf', 'page': 11, 'total_pages': 23, 'Author': 'dj', 'Creator': 'Hwp 2018 10.0.0.13462', 'Producer': 'Hancom PDF 1.3.0.542', 'CreationDate': ""D:20231208132838+09'00'"", 'ModDate': ""D:20231208132838+09'00'"", 'PDFVersion': '1.4', 'filename': 'data/SPRI_AI_Brief_2023년12월호_F.pdf'}]",True
"What significant event related to large language models (LLMs) was reported by the publication 'Galileo' on November 15, 2023?","['1. 정책/법제 2. 기업/산업 3. 기술/연구 4. 인력/교육\n갈릴레오의 LLM 환각 지수 평가에서 GPT-4가 가장 우수\nKEY Contents\nn 주요 LLM의 환각 현상을 평가한 ‘LLM 환각 지수’에 따르면 GPT-4는 작업 유형과 관계없이\n가장 우수한 성능을 보였으며 GPT-3.5도 거의 동등한 성능을 발휘\nn 오픈소스 모델 중에서는 메타의 라마2가 RAG 없는 질문과 답변 및 긴 형식의 텍스트\n생성에서 가장 우수한 성능을 발휘\n£주요 LLM 중 GPT-4가 가장 환각 현상 적고 GPT-3.5 터보도 비슷한 성능 기록\nn 머신러닝 데이터 관리 기업 갈릴레오(Galileo)가 2023년 11월 15일 주요 LLM의 환각 현상을 평가한\n‘LLM 환각 지수(LLM Hallucination Index)’를 발표\n∙ 생성 AI의 환각 현상은 AI 시스템이 잘못된 정보를 생성하거나, 현실과 다른 부정확한 결과를 내놓는\n현상으로, 기업의 AI 도입을 가로막는 주요 장애물이며, 환각 지수는 신뢰할 수 있는 생성 AI 구축을 위해\n환각을 평가하고 측정하는 구조화된 접근방식을 제공\n∙ 환각 지수는 △검색 증강 생성(Retrieval-Augmented Generation, RAG)*을 포함한 질문과 답변 △RAG\n없는 질문과 답변 △긴 형식의 텍스트(보고서나 기사, 에세이) 생성의 3개 작업 유형에 대하여 환각을\n기준으로 LLM의 순위를 평가\n* 기존에 학습된 데이터가 아닌 외부 소스(데이터셋, 데이터베이스, 문서 등)에서 가져온 정보를 검색해 활용하는 기술\nn 3개의 작업 유형 평가 전체에서 오픈AI의 GPT-4가 최고의 성능을 기록했으며, GPT-3.5 터보도\nGPT-4와 거의 동등한 성능을 발휘\n∙ 메타의 라마2(Llama-2-70b)는 RAG 없는 질문과 답변 유형에서 오픈소스 모델 가운데 가장 우수했고 긴\n형식의 텍스트 생성에서도 GPT-4에 준하는 성능을 기록했으나, RAG 포함 질문과 답변에서는 허깅\n페이스의 제퍼(Zephyr-7b)가 라마2를 능가']","The publication 'Galileo' reported on November 15, 2023, that the LLM Hallucination Index was announced.",simple,"[{'source': 'data/SPRI_AI_Brief_2023년12월호_F.pdf', 'file_path': 'data/SPRI_AI_Brief_2023년12월호_F.pdf', 'page': 19, 'total_pages': 23, 'Author': 'dj', 'Creator': 'Hwp 2018 10.0.0.13462', 'Producer': 'Hancom PDF 1.3.0.542', 'CreationDate': ""D:20231208132838+09'00'"", 'ModDate': ""D:20231208132838+09'00'"", 'PDFVersion': '1.4', 'filename': 'data/SPRI_AI_Brief_2023년12월호_F.pdf'}]",True
What is the purpose of the Executive Order on Artificial Intelligence issued by the White House?,"['문제를 방지하는 조치를 확대\n∙ 형사사법 시스템에서 AI 사용 모범사례를 개발하고, 주택 임대 시 AI 알고리즘 차별을 막기 위한 명확한\n지침을 제공하며, 보건복지 부문에서 책임 있는 AI 배포와 사용을 위한 전략을 마련\nn (소비자 보호와 근로자 지원) 의료 분야에서 책임 있는 AI 사용을 촉진하고 맞춤형 개인교습 등 학교\n내 AI 교육 도구 관련 자원을 개발하며, AI로 인한 근로자 피해를 완화하고 이점을 극대화하는 원칙과\n모범사례를 마련\nn (혁신과 경쟁 촉진) 국가AI연구자원(National Artificial Intelligence Research Resource, NAIRR)*을\n통해 미국 전역의 AI 연구를 촉진하고, 중소기업과 개발자에 기술과 인프라를 지원\n* 국가 차원에서 AI 연구 인프라를 확충해 더 많은 AI 연구자에게 인프라를 지원하는 프로그램\n∙ 비자 기준과 인터뷰 절차의 현대화와 간소화로 AI 관련 주요 분야의 전문 지식을 갖춘 외국인들이 미국에서\n공부하고 취업할 수 있도록 지원\n☞ 출처 : The White House, Executive Order on the Safe, Secure, and Trustworthy Development and Use of\nArtificial Intelligence (E.O. 14110), 2023.10.30.']","The purpose of the Executive Order on Artificial Intelligence issued by the White House is to ensure the safe, secure, and trustworthy development and use of artificial intelligence.",simple,"[{'source': 'data/SPRI_AI_Brief_2023년12월호_F.pdf', 'file_path': 'data/SPRI_AI_Brief_2023년12월호_F.pdf', 'page': 3, 'total_pages': 23, 'Author': 'dj', 'Creator': 'Hwp 2018 10.0.0.13462', 'Producer': 'Hancom PDF 1.3.0.542', 'CreationDate': ""D:20231208132838+09'00'"", 'ModDate': ""D:20231208132838+09'00'"", 'PDFVersion': '1.4', 'filename': 'data/SPRI_AI_Brief_2023년12월호_F.pdf'}]",True
"What AI events linked to CES and AIMLA are happening in 2024, and when?","['Ⅱ\n. 주요 행사 일정\n행사명 행사 주요 개요\n- 미국 소비자기술 협회(CTA)가 주관하는 세계 최대 가전·IT·소\n비재 전시회로 5G, AR&VR, 디지털헬스, 교통·모빌리티 등\n주요 카테고리 중심으로 기업들이 최신의 기술 제품군을 전시\n- CTA 사피로 회장은 가장 주목받는 섹터로 AI를 조명하였으며,\n모든 산업을 포괄한다는 의미에서 ‘올 온(All on)’을 주제로 한\nCES 2024\n이번 전시에는 500곳 이상의 한국기업 참가 예정\n기간 장소 홈페이지\n2024.1.9~12 미국, 라스베가스 https://www.ces.tech/\n- 머신러닝 및 응용에 관한 국제 컨퍼런스(AIMLA 2024)는\n인공지능 및 머신러닝의 이론, 방법론 및 실용적 접근에 관한\n지식과 최신 연구 결과 공유\n- 이론 및 실무 측면에서 인공지능, 기계학습의 주요 분야를\n논의하고, 학계, 산업계의 연구자와 실무자들에게 해당 분\nAIMLA 2024\n야의 최첨단 개발 소식 공유\n기간 장소 홈페이지\nhttps://ccnet2024.org/aimla\n2024.1.27~28 덴마크, 코펜하겐\n/index\n- AI 발전 협회 컨퍼런스(AAAI)는 AI 연구를 촉진하고, AI 분야\n연구원, 실무자, 과학자, 학생 및 공학자 간 교류의 기회 제공\n- 컨퍼런스에서 AI 관련 기술 발표, 특별 트랙, 초청 연사,\nAAAI Conference\n워크숍, 튜토리얼, 포스터 세션, 주제 발표, 대회, 전시 프\non Artificial\n로그램 등 진행\nIntelligence\n기간 장소 홈페이지\nhttps://aaai.org/aaai-confere\n2024.2.20~27 캐나다, 밴쿠버\nnce/']","The AI events linked to CES in 2024 include CES 2024, which will take place from January 9 to 12, 2024. The AIMLA 2024 event is scheduled for January 27 to 28, 2024.",reasoning,"[{'source': 'data/SPRI_AI_Brief_2023년12월호_F.pdf', 'file_path': 'data/SPRI_AI_Brief_2023년12월호_F.pdf', 'page': 21, 'total_pages': 23, 'Author': 'dj', 'Creator': 'Hwp 2018 10.0.0.13462', 'Producer': 'Hancom PDF 1.3.0.542', 'CreationDate': ""D:20231208132838+09'00'"", 'ModDate': ""D:20231208132838+09'00'"", 'PDFVersion': '1.4', 'filename': 'data/SPRI_AI_Brief_2023년12월호_F.pdf'}]",True
Who's the new Exec Dir of the Frontier Model Forum and what funding was shared?,"['중점 지원할 예정\n∙ 포럼에 따르면 AI 레드팀에 대한 자금 지원은 AI 모델의 안전과 보안 기준의 개선과 함께 AI 시스템\n위험 대응 방안에 관한 산업계와 정부, 시민사회의 통찰력 확보에 도움이 될 전망으로, 포럼은 향후 몇\n달 안에 기금 지원을 위한 제안 요청을 받을 계획\nn 프런티어 모델 포럼은 출범 이후 업계 전반에 걸쳐 AI 레드팀 구성에 관한 모범사례 공유를 추진하는\n한편, 첨단 AI 모델의 취약점이나 잠재적으로 위험한 기능 및 위험 완화 관련 정보를 공유할 수\n있는 공개 절차도 개발 중\n☞ 출처: Google, Anthropic, Google, Microsoft and OpenAI announce Executive Director of the Frontier Model\nForum and over $10 million for a new AI Safety Fund, 2023.10.25.']","The new Executive Director of the Frontier Model Forum has not been specified in the context. However, it mentions that over $10 million has been allocated for a new AI Safety Fund.",reasoning,"[{'source': 'data/SPRI_AI_Brief_2023년12월호_F.pdf', 'file_path': 'data/SPRI_AI_Brief_2023년12월호_F.pdf', 'page': 9, 'total_pages': 23, 'Author': 'dj', 'Creator': 'Hwp 2018 10.0.0.13462', 'Producer': 'Hancom PDF 1.3.0.542', 'CreationDate': ""D:20231208132838+09'00'"", 'ModDate': ""D:20231208132838+09'00'"", 'PDFVersion': '1.4', 'filename': 'data/SPRI_AI_Brief_2023년12월호_F.pdf'}]",True
"What role do governance frameworks play in AI safety and efficiency, and what key principles aid this?","['1. 정책/법제 2. 기업/산업 3. 기술/연구 4. 인력/교육\n영국 과학혁신기술부, AI 안전 연구소 설립 발표\nKEY Contents\nn 영국 과학혁신기술부가 첨단 AI 시스템에 대한 평가를 통해 안전성을 보장하기 위한 AI\n안전 연구소를 설립한다고 발표\nn AI 안전 연구소는 핵심 기능으로 첨단 AI 시스템 평가 개발과 시행, AI 안전 연구 촉진,\n정보교류 활성화를 추진할 계획\n£영국 AI 안전 연구소, 첨단 AI 시스템 평가와 AI 안전 연구, 정보 교류 추진\nn 영국 과학혁신기술부가 2023년 11월 2일 첨단 AI 안전에 중점을 둔 국가 연구기관으로 AI\n안전 연구소(AI Safety Institute)를 설립한다고 발표\n∙ AI 안전 연구소는 첨단 AI의 위험을 이해하고 거버넌스 마련에 필요한 사회·기술적 인프라 개발을 통해\n영국을 AI 안전 연구의 글로벌 허브로 확립하는 것을 목표로 함\n∙ 영국 정부는 향후 10년간 연구소에 공공자금을 투자해 연구를 지원할 계획으로, 연구소는 △첨단 AI 시스템\n평가 개발과 시행 △AI 안전 연구 촉진 △정보 교류 활성화를 핵심 기능으로 함\nn (첨단 AI 시스템 평가 개발과 시행) 시스템의 안전 관련 속성을 중심으로 안전과 보안 기능을 이해\n하고 사회적 영향을 평가\n∙ 평가 우선순위는 △사이버범죄 조장, 허위 정보 유포 등 악의적으로 활용될 수 있는 기능 △사회에 미치는\n영향 △시스템 안전과 보안 △인간의 통제력 상실 가능성 순\n∙ 연구소는 외부 기관과 협력해 자체 시스템 평가를 개발 및 수행하고, 평가와 관련된 의견 공유 및 지침\n마련을 위해 전문가 커뮤니티를 소집할 계획\nn (AI 안전 연구 촉진) 외부 연구자를 소집하고 다양한 예비 연구 프로젝트를 통해 AI 안전 기초연구를 수행\n∙ AI 시스템의 효과적 거버넌스를 위한 도구 개발* 및 안전한 AI 시스템 개발을 위한 새로운 접근 방식 연구를 수행\n* 편향된 훈련 데이터에 대한 분석기술, 민감한 정보를 포함하는 AI 시스템에 대한 미세 조정 방법', '1. 정책/법제 2. 기업/산업 3. 기술/연구 4. 인력/교육\n영국 AI 안전성 정상회의에 참가한 28개국, AI 위험에 공동 대응 선언\nKEY Contents\nn 영국 블레츨리 파크에서 개최된 AI 안전성 정상회의에 참가한 28개국들이 AI 안전 보장을\n위한 협력 방안을 담은 블레츨리 선언을 발표\nn 첨단 AI를 개발하는 국가와 기업들은 AI 시스템에 대한 안전 테스트 계획에 합의했으며,\n영국의 AI 안전 연구소가 전 세계 국가와 협력해 테스트를 주도할 예정\n£AI 안전성 정상회의 참가국들, 블레츨리 선언 통해 AI 안전 보장을 위한 협력에 합의\nn 2023년 11월 1~2일 영국 블레츨리 파크에서 열린 AI 안전성 정상회의(AI Safety Summit)에\n참가한 28개국 대표들이 AI 위험 관리를 위한 ‘블레츨리 선언’을 발표\n∙ 선언은 AI 안전 보장을 위해 국가, 국제기구, 기업, 시민사회, 학계를 포함한 모든 이해관계자의 협력이\n중요하다고 강조했으며, 특히 최첨단 AI 시스템 개발 기업은 안전 평가를 비롯한 적절한 조치를 취하여\nAI 시스템의 안전을 보장할 책임이 있다고 지적\n∙ 각국은 AI 안전 보장을 위해 첨단 AI 개발기업의 투명성 향상, 적절한 평가지표와 안전 테스트 도구\n개발, 공공부문 역량 구축과 과학 연구개발 등의 분야에서 협력하기로 합의\n£영국 총리, 정부 주도의 첨단 AI 시스템 안전 테스트 계획 발표\nn 리시 수낙 영국 총리는 AI 안전성 정상회의를 마무리하며 첨단 AI 모델에 대한 안전성 시험 계획\n수립과 테스트 수행을 주도할 영국 AI 안전 연구소의 출범을 발표\n∙ 첨단 AI 모델의 안전 테스트는 국가 안보와 안전, 사회적 피해를 포함한 여러 잠재적 유해 기능에 대한\n시험을 포함하며, 참석자들은 정부 주도의 외부 안전 테스트에 합의\n∙ 각국 정부는 테스트와 기타 안전 연구를 위한 공공부문 역량에 투자하고, 테스트 결과가 다른 국가와\n관련된 경우 해당 국가와 결과를 공유하며, 적절한 시기에 공동 표준 개발을 위해 노력하기로 합의']","The context does not provide specific information regarding the role of governance frameworks in AI safety and efficiency, nor does it mention key principles that aid this.",multi_context,"[{'source': 'data/SPRI_AI_Brief_2023년12월호_F.pdf', 'file_path': 'data/SPRI_AI_Brief_2023년12월호_F.pdf', 'page': 17, 'total_pages': 23, 'Author': 'dj', 'Creator': 'Hwp 2018 10.0.0.13462', 'Producer': 'Hancom PDF 1.3.0.542', 'CreationDate': ""D:20231208132838+09'00'"", 'ModDate': ""D:20231208132838+09'00'"", 'PDFVersion': '1.4', 'filename': 'data/SPRI_AI_Brief_2023년12월호_F.pdf'}, {'source': 'data/SPRI_AI_Brief_2023년12월호_F.pdf', 'file_path': 'data/SPRI_AI_Brief_2023년12월호_F.pdf', 'page': 5, 'total_pages': 23, 'Author': 'dj', 'Creator': 'Hwp 2018 10.0.0.13462', 'Producer': 'Hancom PDF 1.3.0.542', 'CreationDate': ""D:20231208132838+09'00'"", 'ModDate': ""D:20231208132838+09'00'"", 'PDFVersion': '1.4', 'filename': 'data/SPRI_AI_Brief_2023년12월호_F.pdf'}]",True
"What changes in workflow and UI design come with AI in the workplace, and how do they affect user productivity?","['1. 정책/법제 2. 기업/산업 3. 기술/연구 4. 인력/교육\n빌 게이츠, AI 에이전트로 인한 컴퓨터 사용의 패러다임 변화 전망\nKEY Contents\nn 빌 게이츠가 5년 내 일상언어로 모든 작업을 처리할 수 있는 AI 에이전트가 보급되며 컴퓨터를\n사용하는 방식이 완전히 바뀔 것으로 예상\nn 에이전트의 보급은 컴퓨터 분야를 넘어 산업 전 영역에 영향을 미칠 전망으로 특히 의료와\n교육, 생산성, 엔터테인먼트·쇼핑 영역에서 고가로 제공되던 서비스가 대중화될 전망\n£5년 내 기기에 일상언어로 말하기만 하면 되는 AI 에이전트의 보급 예상\nn 빌 게이츠 마이크로소프트 창업자가 2023년 11월 9일 공식 블로그를 통해 AI 에이전트가 컴퓨터\n사용방식과 소프트웨어 산업을 완전히 변화시킬 것이라는 전망을 제시\n∙ 자연어에 반응하고 사용자에 대한 지식을 바탕으로 다양한 작업을 수행하는 소프트웨어를 의미하는\n에이전트는 컴퓨터 사용방식이 키보드 입력에서 아이콘 클릭으로 바뀐 이후 최대의 컴퓨팅 혁명을\n가져올 전망\n∙ 현재는 컴퓨터 작업 시 작업 내용에 따라 각각 다른 앱을 사용해야 하지만 5년 내 에이전트의 발전으로\n기기에 일상언어로 말하기만 하면 되는 미래가 도래할 것\n∙ 온라인에 접속하는 모든 사람이 AI 기반의 개인 비서를 사용할 수 있게 되며, 에이전트는 사용자에 대한\n풍부한 지식을 바탕으로 맞춤화된 대응이 가능하며 시간이 지날수록 개선됨\n∙ 일례로 여행 계획 수립 시 AI 챗봇이 예산에 맞는 호텔을 제안하는데 머문다면, 에이전트는 사용자의 여행\n패턴을 분석해 여행지를 제안하고 관심사에 따른 활동을 추천하며 선호하는 스타일의 레스토랑 예약도 가능\n£AI 에이전트가 의료와 교육, 생산성, 엔터테인먼트·쇼핑 영역의 서비스 대중화를 주도할 것\nn 에이전트로 인해 주목할 만한 변화는 고비용 서비스의 대중화로 특히 △의료 △교육 △생산성 △\n엔터테인먼트·쇼핑의 4개 영역에서 대규모 변화 예상', 'n 에이전트로 인해 주목할 만한 변화는 고비용 서비스의 대중화로 특히 △의료 △교육 △생산성 △\n엔터테인먼트·쇼핑의 4개 영역에서 대규모 변화 예상\n∙ (의료) 에이전트가 환자 분류를 지원하고 건강 문제에 대한 조언을 제공하며 치료의 필요 여부를 결정하면서\n의료진의 의사결정과 생산성 향상에 기여\n∙ (교육) 에이전트가 1대 1 가정교사의 역할을 맡아 모든 학생에게 평등한 교육 기회를 제공할 수 있으며,\n아이가 좋아하는 게임이나 노래 등을 활용해 시청각 기반의 풍부한 맞춤형 교육 경험을 제공\n∙ (생산성) 사용자의 아이디어를 기반으로 에이전트가 사업계획과 발표 자료 작성, 제품 이미지 생성을\n지원하며, 임원의 개인 비서와 같은 역할도 수행\n∙ (엔터테인먼트·쇼핑) 쇼핑 시 에이전트가 모든 리뷰를 읽고 요약해 최적의 제품을 추천하고 사용자 대신\n주문할 수 있으며 사용자의 관심사에 맞춤화된 뉴스와 엔터테인먼트를 구독 가능\n☞ 출처 : GatesNotes, AI is about to completely change how you use computers, 2023.11.09.', '1. 정책/법제 2. 기업/산업 3. 기술/연구 4. 인력/교육\n빌 게이츠, AI 에이전트로 인한 컴퓨터 사용의 패러다임 변화 전망\nKEY Contents\nn 빌 게이츠가 5년 내 일상언어로 모든 작업을 처리할 수 있는 AI 에이전트가 보급되며 컴퓨터를\n사용하는 방식이 완전히 바뀔 것으로 예상\nn 에이전트의 보급은 컴퓨터 분야를 넘어 산업 전 영역에 영향을 미칠 전망으로 특히 의료와\n교육, 생산성, 엔터테인먼트·쇼핑 영역에서 고가로 제공되던 서비스가 대중화될 전망\n£5년 내 기기에 일상언어로 말하기만 하면 되는 AI 에이전트의 보급 예상\nn 빌 게이츠 마이크로소프트 창업자가 2023년 11월 9일 공식 블로그를 통해 AI 에이전트가 컴퓨터\n사용방식과 소프트웨어 산업을 완전히 변화시킬 것이라는 전망을 제시\n∙ 자연어에 반응하고 사용자에 대한 지식을 바탕으로 다양한 작업을 수행하는 소프트웨어를 의미하는\n에이전트는 컴퓨터 사용방식이 키보드 입력에서 아이콘 클릭으로 바뀐 이후 최대의 컴퓨팅 혁명을\n가져올 전망\n∙ 현재는 컴퓨터 작업 시 작업 내용에 따라 각각 다른 앱을 사용해야 하지만 5년 내 에이전트의 발전으로\n기기에 일상언어로 말하기만 하면 되는 미래가 도래할 것\n∙ 온라인에 접속하는 모든 사람이 AI 기반의 개인 비서를 사용할 수 있게 되며, 에이전트는 사용자에 대한\n풍부한 지식을 바탕으로 맞춤화된 대응이 가능하며 시간이 지날수록 개선됨\n∙ 일례로 여행 계획 수립 시 AI 챗봇이 예산에 맞는 호텔을 제안하는데 머문다면, 에이전트는 사용자의 여행\n패턴을 분석해 여행지를 제안하고 관심사에 따른 활동을 추천하며 선호하는 스타일의 레스토랑 예약도 가능\n£AI 에이전트가 의료와 교육, 생산성, 엔터테인먼트·쇼핑 영역의 서비스 대중화를 주도할 것\nn 에이전트로 인해 주목할 만한 변화는 고비용 서비스의 대중화로 특히 △의료 △교육 △생산성 △\n엔터테인먼트·쇼핑의 4개 영역에서 대규모 변화 예상']","The context does not provide specific details about the changes in workflow and UI design that come with AI in the workplace, nor does it discuss how these changes affect user productivity.",multi_context,"[{'source': 'data/SPRI_AI_Brief_2023년12월호_F.pdf', 'file_path': 'data/SPRI_AI_Brief_2023년12월호_F.pdf', 'page': 15, 'total_pages': 23, 'Author': 'dj', 'Creator': 'Hwp 2018 10.0.0.13462', 'Producer': 'Hancom PDF 1.3.0.542', 'CreationDate': ""D:20231208132838+09'00'"", 'ModDate': ""D:20231208132838+09'00'"", 'PDFVersion': '1.4', 'filename': 'data/SPRI_AI_Brief_2023년12월호_F.pdf'}, {'source': 'data/SPRI_AI_Brief_2023년12월호_F.pdf', 'file_path': 'data/SPRI_AI_Brief_2023년12월호_F.pdf', 'page': 15, 'total_pages': 23, 'Author': 'dj', 'Creator': 'Hwp 2018 10.0.0.13462', 'Producer': 'Hancom PDF 1.3.0.542', 'CreationDate': ""D:20231208132838+09'00'"", 'ModDate': ""D:20231208132838+09'00'"", 'PDFVersion': '1.4', 'filename': 'data/SPRI_AI_Brief_2023년12월호_F.pdf'}, {'source': 'data/SPRI_AI_Brief_2023년12월호_F.pdf', 'file_path': 'data/SPRI_AI_Brief_2023년12월호_F.pdf', 'page': 15, 'total_pages': 23, 'Author': 'dj', 'Creator': 'Hwp 2018 10.0.0.13462', 'Producer': 'Hancom PDF 1.3.0.542', 'CreationDate': ""D:20231208132838+09'00'"", 'ModDate': ""D:20231208132838+09'00'"", 'PDFVersion': '1.4', 'filename': 'data/SPRI_AI_Brief_2023년12월호_F.pdf'}]",True
What are the risks of non-compliance with the EU AI Act for orgs?,"['SPRi AI Brief |\n2023-12월호\nEU AI 법 3자 협상, 기반모델 규제 관련 견해차로 난항\nKEY Contents\nn 유럽의회, EU 집행위원회, EU 이사회가 진행 중인 AI 법 최종협상에서 프랑스, 이탈리아,\n독일이 기반모델에 대한 규제에 반대하며 협상이 난관에 봉착\nn 프랑스, 이탈리아, 독일 3개국은 기반모델 개발기업에 대하여 자율적 행동강령을 도입하고\n준수를 의무화하는 방안을 제안\n£AI 법 3자 협상, 이사회 일부 국가가 기반모델 규제에 반대하며 차질\nn 유럽의회, EU 집행위원회, EU 이사회가 ‘AI 법(AI act)’에 대한 최종협상을 진행 중인 가운데,\n일부 국가가 기반모델에 대한 규제에 반대하며 협상이 난관에 봉착\n∙ 10월 24일 열린 3자 협상 회의에서는 사회에 더 큰 영향을 미치는 강력한 AI 모델에 더 엄격한 규칙을\n적용하는 계층적 접근방식에 따라 기반 모델 규제에 대한 기본적인 합의에 도달\n∙ 그러나 11월 10일 열린 통신작업반 회의에서 EU 이사회의 프랑스, 독일, 이탈리아 대표가\n기반모델에 대한 모든 유형의 규제에 반대하며 협상이 중단됨\nn 유럽 정책 미디어 유랙티브(Euractive)에 따르면 프랑스 AI 기업 미스트랄(Mistral)이 로비를 통해\n기반모델에 대한 규제 반대를 주도\n∙ 독일의 대표적인 AI 기업 알레프 알파(Aleph Alpha) 역시 독일 정부에 압력을 행사하고 있으며, 이들\n기업은 EU의 AI 규제로 인해 미국과 중국의 경쟁사보다 뒤처질 것을 우려\n£독일, 프랑스, 이탈리아 3개국, 기반모델에 대한 ‘의무적 자율규제’ 제안\nn 통신작업반 회의가 결렬된 이후 독일, 프랑스, 이탈리아는 2023년 11월 19일 비공식 문서를 통해\n‘의무적 자율규제(Mandatory Self-regulation)’ 방식의 기반모델 규제를 제안\n∙ 3개국은 기반모델 전반에 대한 규제가 기술 중립적이고 위험 기반의 AI 규제 원칙에 어긋난다고']",The answer to given question is not present in context,conditional,"[{'source': 'data/SPRI_AI_Brief_2023년12월호_F.pdf', 'file_path': 'data/SPRI_AI_Brief_2023년12월호_F.pdf', 'page': 8, 'total_pages': 23, 'Author': 'dj', 'Creator': 'Hwp 2018 10.0.0.13462', 'Producer': 'Hancom PDF 1.3.0.542', 'CreationDate': ""D:20231208132838+09'00'"", 'ModDate': ""D:20231208132838+09'00'"", 'PDFVersion': '1.4', 'filename': 'data/SPRI_AI_Brief_2023년12월호_F.pdf'}]",True
"What ethical and operational priorities for AI in healthcare and finance, given regulatory compliance?","['AD&D는 향후 5년간 카테고리 중 가장 높은 38.7%의 연평균 성장률이 예상됨\nn IDC에 따르면 경제적 불확실성과 시장 역학의 변화에도 AI와 자동화 기술에 대한 기업들의 투자\n의지는 확고하며, 기업들은 AI 도입이 사업 성공과 경쟁우위에 필수적이라고 인식\n∙ IDC 설문조사에 따르면 향후 12개월 동안 응답자의 3분의 1은 기업이 특정 사용 사례나 응용 영역에서\n외부 AI 소프트웨어의 구매를 고려하거나 외부 AI 소프트웨어와 내부 자원의 결합을 고려\nn 한편, AI 소프트웨어 시장에 포함되지 않는 생성 AI 플랫폼과 애플리케이션은 2027년까지 283억\n달러의 매출을 창출할 전망\n☞ 출처 : IDC, IDC Forecasts Revenue for Artificial Intelligence Software Will Reach $279 Billion Worldwide in\n2027, 2023.10.31.\n12', '1. 정책/법제 2. 기업/산업 3. 기술/연구 4. 인력/교육\n빌 게이츠, AI 에이전트로 인한 컴퓨터 사용의 패러다임 변화 전망\nKEY Contents\nn 빌 게이츠가 5년 내 일상언어로 모든 작업을 처리할 수 있는 AI 에이전트가 보급되며 컴퓨터를\n사용하는 방식이 완전히 바뀔 것으로 예상\nn 에이전트의 보급은 컴퓨터 분야를 넘어 산업 전 영역에 영향을 미칠 전망으로 특히 의료와\n교육, 생산성, 엔터테인먼트·쇼핑 영역에서 고가로 제공되던 서비스가 대중화될 전망\n£5년 내 기기에 일상언어로 말하기만 하면 되는 AI 에이전트의 보급 예상\nn 빌 게이츠 마이크로소프트 창업자가 2023년 11월 9일 공식 블로그를 통해 AI 에이전트가 컴퓨터\n사용방식과 소프트웨어 산업을 완전히 변화시킬 것이라는 전망을 제시\n∙ 자연어에 반응하고 사용자에 대한 지식을 바탕으로 다양한 작업을 수행하는 소프트웨어를 의미하는\n에이전트는 컴퓨터 사용방식이 키보드 입력에서 아이콘 클릭으로 바뀐 이후 최대의 컴퓨팅 혁명을\n가져올 전망\n∙ 현재는 컴퓨터 작업 시 작업 내용에 따라 각각 다른 앱을 사용해야 하지만 5년 내 에이전트의 발전으로\n기기에 일상언어로 말하기만 하면 되는 미래가 도래할 것\n∙ 온라인에 접속하는 모든 사람이 AI 기반의 개인 비서를 사용할 수 있게 되며, 에이전트는 사용자에 대한\n풍부한 지식을 바탕으로 맞춤화된 대응이 가능하며 시간이 지날수록 개선됨\n∙ 일례로 여행 계획 수립 시 AI 챗봇이 예산에 맞는 호텔을 제안하는데 머문다면, 에이전트는 사용자의 여행\n패턴을 분석해 여행지를 제안하고 관심사에 따른 활동을 추천하며 선호하는 스타일의 레스토랑 예약도 가능\n£AI 에이전트가 의료와 교육, 생산성, 엔터테인먼트·쇼핑 영역의 서비스 대중화를 주도할 것\nn 에이전트로 인해 주목할 만한 변화는 고비용 서비스의 대중화로 특히 △의료 △교육 △생산성 △\n엔터테인먼트·쇼핑의 4개 영역에서 대규모 변화 예상']",The answer to given question is not present in context,conditional,"[{'source': 'data/SPRI_AI_Brief_2023년12월호_F.pdf', 'file_path': 'data/SPRI_AI_Brief_2023년12월호_F.pdf', 'page': 14, 'total_pages': 23, 'Author': 'dj', 'Creator': 'Hwp 2018 10.0.0.13462', 'Producer': 'Hancom PDF 1.3.0.542', 'CreationDate': ""D:20231208132838+09'00'"", 'ModDate': ""D:20231208132838+09'00'"", 'PDFVersion': '1.4', 'filename': 'data/SPRI_AI_Brief_2023년12월호_F.pdf'}, {'source': 'data/SPRI_AI_Brief_2023년12월호_F.pdf', 'file_path': 'data/SPRI_AI_Brief_2023년12월호_F.pdf', 'page': 15, 'total_pages': 23, 'Author': 'dj', 'Creator': 'Hwp 2018 10.0.0.13462', 'Producer': 'Hancom PDF 1.3.0.542', 'CreationDate': ""D:20231208132838+09'00'"", 'ModDate': ""D:20231208132838+09'00'"", 'PDFVersion': '1.4', 'filename': 'data/SPRI_AI_Brief_2023년12월호_F.pdf'}]",True
